[
	{
		"inputs": [
			{
				"internalType": "contract IBEP20",
				"name": "_token",
				"type": "address"
			}
		],
		"payable": false,
		"stateMutability": "nonpayable",
		"type": "constructor"
	},
	{
		"anonymous": false,
		"inputs": [
			{
				"indexed": true,
				"internalType": "address",
				"name": "to",
				"type": "address"
			},
			{
				"indexed": false,
				"internalType": "uint256",
				"name": "amount",
				"type": "uint256"
			}
		],
		"name": "Airdropped",
		"type": "event"
	},
	{
		"anonymous": false,
		"inputs": [
			{
				"indexed": true,
				"internalType": "address",
				"name": "addr",
				"type": "address"
			},
			{
				"indexed": false,
				"internalType": "uint256",
				"name": "amount",
				"type": "uint256"
			}
		],
		"name": "Unstaked",
		"type": "event"
	},
	{
		"payable": true,
		"stateMutability": "payable",
		"type": "fallback"
	},
	{
		"constant": false,
		"inputs": [
			{
				"internalType": "uint256",
				"name": "_newAmount",
				"type": "uint256"
			}
		],
		"name": "_updateAmount",
		"outputs": [],
		"payable": false,
		"stateMutability": "nonpayable",
		"type": "function"
	},
	{
		"constant": false,
		"inputs": [
			{
				"internalType": "bool",
				"name": "enable",
				"type": "bool"
			}
		],
		"name": "enabledWithdraw",
		"outputs": [],
		"payable": false,
		"stateMutability": "nonpayable",
		"type": "function"
	},
	{
		"constant": false,
		"inputs": [
			{
				"internalType": "address",
				"name": "_toAddress",
				"type": "address"
			}
		],
		"name": "getAirdrop",
		"outputs": [
			{
				"internalType": "bool",
				"name": "",
				"type": "bool"
			}
		],
		"payable": false,
		"stateMutability": "nonpayable",
		"type": "function"
	},
	{
		"constant": true,
		"inputs": [],
		"name": "getAirdropInfo",
		"outputs": [
			{
				"internalType": "uint256",
				"name": "_total_airdropped_users",
				"type": "uint256"
			},
			{
				"internalType": "uint256",
				"name": "_total_amount_airdropped",
				"type": "uint256"
			}
		],
		"payable": false,
		"stateMutability": "view",
		"type": "function"
	},
	{
		"constant": true,
		"inputs": [],
		"name": "is_withdraw",
		"outputs": [
			{
				"internalType": "bool",
				"name": "",
				"type": "bool"
			}
		],
		"payable": false,
		"stateMutability": "view",
		"type": "function"
	},
	{
		"constant": true,
		"inputs": [],
		"name": "owner",
		"outputs": [
			{
				"internalType": "address",
				"name": "",
				"type": "address"
			}
		],
		"payable": false,
		"stateMutability": "view",
		"type": "function"
	},
	{
		"constant": true,
		"inputs": [],
		"name": "token",
		"outputs": [
			{
				"internalType": "contract IBEP20",
				"name": "",
				"type": "address"
			}
		],
		"payable": false,
		"stateMutability": "view",
		"type": "function"
	},
	{
		"constant": true,
		"inputs": [],
		"name": "total_airdropped_users",
		"outputs": [
			{
				"internalType": "uint256",
				"name": "",
				"type": "uint256"
			}
		],
		"payable": false,
		"stateMutability": "view",
		"type": "function"
	},
	{
		"constant": true,
		"inputs": [],
		"name": "total_amount_airdropped",
		"outputs": [
			{
				"internalType": "uint256",
				"name": "",
				"type": "uint256"
			}
		],
		"payable": false,
		"stateMutability": "view",
		"type": "function"
	},
	{
		"constant": false,
		"inputs": [
			{
				"internalType": "uint256",
				"name": "tokens",
				"type": "uint256"
			}
		],
		"name": "transferAnyBep20Token",
		"outputs": [],
		"payable": false,
		"stateMutability": "nonpayable",
		"type": "function"
	},
	{
		"constant": true,
		"inputs": [
			{
				"internalType": "address",
				"name": "",
				"type": "address"
			}
		],
		"name": "users",
		"outputs": [
			{
				"internalType": "uint256",
				"name": "balance",
				"type": "uint256"
			},
			{
				"internalType": "uint40",
				"name": "unstake_time",
				"type": "uint40"
			},
			{
				"internalType": "bool",
				"name": "is_airdropped",
				"type": "bool"
			}
		],
		"payable": false,
		"stateMutability": "view",
		"type": "function"
	},
	{
		"constant": false,
		"inputs": [
			{
				"internalType": "address",
				"name": "_toAddress",
				"type": "address"
			}
		],
		"name": "withdraw",
		"outputs": [
			{
				"internalType": "bool",
				"name": "",
				"type": "bool"
			}
		],
		"payable": false,
		"stateMutability": "nonpayable",
		"type": "function"
	}
]